,0
0,"Ash !! La jotita del programa ""hoy"" no deja de decir ""sombriando"" hahaha"
1,En una boda gay ¬øLes avientan arroz con popote?
2,@usuario Hazlo mariquita jaja. Hazlo neta! No es nada malo!
3,"""@usuario: Y el que no habla de la Miss universo.. Es Maricon"" les hablan! @usuario @usuario"
4,"Vamos Dinamarca, ya empieza la marica de CR7 a ser caras que no hace gol jaja :) al carajo portugueses"
5,@usuario @usuario  ustedes dos y el daniel son unos maricas pinches putos mierdas vamos a vernos todos no???
6,@usuario goza marica
7,"@usuario estupido, pinche pelado () , pero dejalo cree que con el dinero de papi todo lo puede el pendejo! maldito HECHIZADO MARICON"
8,Hay demasiados homosexuales hoy en dia :o
9,Con el maricon del uzziel y su mujer (@usuario litrogeno) url
10,"Joven dise√±ador de modas? En mis tiempos les llam√°bamos jotos!! ""Don Arnoldo"""
11,@usuario hahaha son buen pedo! La vdd XD hahaha MARICA DRAMATICO UHHH!!! Hahaha
12,"Que maricas son, usando sueteres y chamarras, aprovechen este fr√≠o, que calor sobra.."
13,"O SEA YA SUPERALO, NO TE QUISO, T√ö NI ERES LESBIANA, BUSCATE A UN WEY, COGE CON EL Y YA A LA VERGA."
14,@usuario te vas ir a comer  con @usuario ? Jjaja che joto
15,@usuario Ya sabes como es el puto este de martin hashtag igualqe jrqelegustaelchorizo
16,@usuario @usuario Carlos es gays url cacaroto que diga mayate
17,"""@usuario: A todos les valgo ÓÄç""  No cierto, no shea marica.  emoji cara lanzando un beso emoji  emoji cara lanzando un beso emoji"
18,@usuario  No seas marica pues -_-
19,"RT ""@usuario: Vengo de pedir informes en un gym. Me arrepent√≠ al ver tanto marica."
20,"Putos de mierda, no equipa mas maricon, sin clase, sin corazon, sin url hay equipo que mas odie que chelsea"
21,@usuario metele joto suerte  emoji cara gui√±ando el ojo emoji  emoji pulgar hacia arriba emoji
22,@usuario  Ma√±ana maric√≥n no contestar√°s ning√∫n tweet y no encontrar√°s donde url
23,Para mi que se balla goyo porque como puede ser que sea un maricon#FueraGoyo
24,"Ver un tweet antiguo nuestro muy emotivo y decir: ""Carajo, eso fue muy gay."""
25,QUE COPION EL BLANQUITO GAY!! JAJAJA :P
26,"@usuario @usuario  como que esta muy pu√±al el charro amarillo , buenos d√≠as Pau"
27,¬øNo te gusta zayn? No te preocupes ya sabia que eras lesbiana.
28,"Buena noche: deporte, desestres, cena, amigos, maricas que cuidan la l√≠nea jaja ches jotos. A descansar se a dicho"
29,Un mayate me est√° acosando. :(
30,"Pinche MAGALLON, tendr√≠a que venir de CHIVAS...
Pinche JOTO !!!
hashtag echale huevos cabron"
31,@usuario Domin√≥ toda la lucha y hay que ser realistas si @usuario gan√≥ fue por ayuda de @usuario y el joto del @usuario
32,"Amigos y luego hab√≠a una lesbiana m√°s lesbiana que Karla Garc√≠a(te amo Karla), as√≠ sin chichis y mega machorra omg pens√© que era hombre"
33,A √©l ni lo menciones porque es joto. Jjaja
34,"Glee, Britney Spears, MDNA de fondo musical?? Qu√© homosexuales jaja (at @usuario) url"
35,"Renuncia funcionario del Infonavit tras esc√°ndalo del Porsche que regal√≥ a su hijo, al parecer no aguant√≥ la carrilla hashtag marica"
36,CUANDO VA A ENTENDER LA PINCHE JOTA ESA QUE A NADIE LE IMPORTA.
37,Seg√∫n esta teor√≠a las mujeres han empezado a leer de futbol debido ala decremento de poblacion masculina y la incremento de putos y mayates
38,@usuario pues se los pintan cocho que no ves sus fotos de los maricones con barba pintada
39,"Ese discurso de ""ense√±a para seducir, y si busca seducir es puta"", d√©jenselo a los bugas trogloditas, esos que los violentan por ""jotos""."
40,"""Nosotros respetamos la decisi√≥n de fulano"" Qu√© frase tanhueca ypu√±etas yvac√≠a jaja osea dequ√©sirve? Esm√°sbien para decir NOS CAGA, JOTO!"
41,hashtag steal my girl  Me enamoro a√∫n mas de ellos &lt;3 es la canci√≥n perfecta hermosa &lt;3 puto el que diga que no :33
42,"Seguro es jotito porque se peg√≥ en los huevitos de ni√±url Jjaja hashtag frases de las abuelas ""Viejita linda Me hiciste el d√≠a"" hashtag sigo riendo jaja"
43,Que feo es ver a madres de gays en reforma :(
44,"M√©xico, el pa√≠s donde el m√°s ching√≥n es aquel que aguanta m√°s tiempo pisteando, lo pinche intelectual es de maricones."
45,Jjaja mi maestra es MACHORRAurl bien el semestre.
46,@usuario  HAY VARIOS QUE LES FALTA SALIR DEL CLOSET A UN WERO A UN SERATO  Y UN TRANSFORMER DE MARCA JAPONESAA
47,Amigos hoy no pude hacer sentadillas agusto porque un horrible homosexual me ve√≠a las nalgas.
48,@usuario Nunca te ha dicho en Multimedios que pareces un vato o un transformer?? Arreglate!
49,Como cuando no sabes si la tuitera s√≥lo es un poco rara o es un travesti.
50,Eeeel panchoso con corridos diciendo que es narco se mamo! Jjaja nunca ah visto ni una 9 en su putisimabida de joto jaja
51,Ya relajense mariquitas jotos putas wanna be y machorras ya fue el tema hace un chingo hahahaa
52,@usuario jaja pronto te superare pu√±al!!!
53,¬øSon jotos o que? JAJAJA
54,@usuario pinche pu√±al aparte de joto teladas de bien vergas hediondo primero paga el carro q rentas pendejo
55,"Los de Fnatic son url Cualquier joto ne√≥fito le va a Fnatic. XD UOL trajo de vuelta las ""plays"" con sus pick antiMETA."
56,"Pinches jotas cada vez m√°s rid√≠culas, ""no pienso ser parte del casting""  pues salte de la aplicaci√≥n chingadamadre url"
57,"1, 2, 3, y 4 por el aviso del sistema de temblor. @usuario Puto Maric√≥n chupa Pitos. esa es la neta. url"
58,¬øAlguien sabe si el joto que le dijo a Karina que no sabia bailar ya comi√≥?
59,@usuario eres un maricon culon
60,@usuario jaja pudiendo estar con madre con @usuario  ahora pasa por mejor momento que nunca quiz√°s por jotito era el salado
61,Aqu√≠ de puto escuchando: si yo fuera un chico.
62,Aveces me cagan lo jotos nms
63,"@usuario Entonces porque chingados hay mujeres y hombres, crees que Dios los hizo para ser homosexuales?"
64,"Venga y los maricones de Chivas se empiezan a caer, jueguen bien carajo y dejen de estar de putos"
65,"@usuario @usuario @usuario dejo ir todo por nada, aah pero el muuy feliz de ser un chiva maricon  emoji pu√±o en alto emoji  emoji pu√±o en alto emoji  emoji pu√±o en alto emoji"
66,@usuario el de hashtag prodigy ya parece transg√©nero regi√≥n 4!!  emoji cara radiante con ojos sonrientes emoji  url
67,@usuario mas maricon que el Profe
68,Hombres putos  emoji pu√±o en alto emoji  emoji pu√±o en alto emoji  emoji pu√±o en alto emoji  hablando mal de las mujeres.
69,@usuario No habia unos m√°s jotos???
70,@usuario @usuario que maricon url
71,"El favor mas grande que le pueden hacer a las jotas que adoran llamar la atenci√≥n a trav√©s de pol√©mica, es ignorarlas."
72,@usuario marica! ¬øYa olvidaste como celebraste el gol con la mano ante Irlanda? ¬øUno que injustamente los clasific√≥? hashtag marica de mierda
73,No te sientas tocado por Dios pinchi joto
74,"Para ser honestos, solo apoye el movimiento gay para tener sexo con mi amiga la lesbiana y su novia."
75,"¬°VALE VERGA! EL A√ëO PASADO FUE ANAH√ç, ESTE A√ëO FUE LA TRANSEXUAL DE @usuario, ¬°ASTA AS AN RABA DACTARA! hashtag mtvmiaw @usuario LA AMODIO."
76,"@usuario 55 el muerto no esta muerto, es como @usuario y luego la hace de PUTO salido de closet. ¬øP.w. Saldr√° de lo mismo?"
77,"Que en la plazita de al lado no se puede estacionar gracias hashtag puto (@usuario TOUCH√â in San Pedro Garza Garc√¨a, Nuevo Le√≥n) url"
78,"@usuario   Chinga a tu madre maric√≥n de mierda, tu y tu horrible familia!!!"
79,Ahora ya no hay motivos que le inpida a hashtag miguel herrera madrear a este maricon url
80,Pinche maricon
81,@usuario si wey ayer vi que va a dirigir al qatar ya lo querias en el america joto
82,@usuario marica
83,El uniforme de las chivas resalta lo gays de los aficionados.
84,@usuario @usuario  eres gay Justiniano todos siempre lo sabremos si no eres gay eres maricon @usuario
85,"la cancion mas marica que existe! 
""las ma√±anitas"" escrita por el rey David en uno de sus pasones de Opio! 
jaja hashtag feliz cumpleanos juxxi"
86,@usuario orgia de pu√±ales
87,Oye @usuario no seras Drag Queen de closet? hashtag espregunta hashtag seserio aunque hashtag loquesevenosepregunta
88,@usuario @usuario @usuario @usuario no seas maricon @usuario que tiene que ver lo demas pinche piojito
89,@usuario te reto que veas √âmile hd si no eres un marica
90,"Te odio pms, me haces estar de marica"
91,Mr. Pu√±etas mariquita sin calzones (o hashtag lord audi)  agrede a ciclista y se hace el valiente contra polic√≠a. url
92,"Qu√© onda con las lesbianas tipo tr√°ileras, ni la despistan tantito jaja y yo tan chica trans  emoji pintarse las u√±as emoji  emoji cara llorando de risa emoji"
93,Como cuando t√∫ mam√° les llama machorras. Hahahahaha
94,Neymar es un marica chill√≥n.
95,@usuario muy machito no? Tu que nunca has aceptado la apuesta del que.. y la mec√°nica para pagarla la pones tu y ni as√≠ ? Inche marica
96,Fav si oye @usuario no seas mariquita y sube a la rueda de la fortuna  emoji cara sonriendo con ojos sonrientes emoji
97,"Seg√∫n un amigo,necesito que me crezcan las gonadas, los labios que tengo se fusionen y formen un escroto, dejar de ser joto y lanzarme."
98,Puto vestido culero.
99,A Ruben se le va a quitar lo mentiroso cuando se le quite lo homosexual o sea n-u-n-c-a
100,Arrobalo @usuario viejo joto.
101,Que ni√±o tan marica y lame  emoji cocinar emoji
102,"Neta que hombre se apoda ""La chofis""... pedazo de joto ps que!!"
103,"@usuario y al final asi terminaron abraz√°ndose las jotitas, hasta con el √°rbitro el principal q se le hizo chiquito para marcar el penal"
104,Diosito por qu√© me pusiste como roomies a lesbianas escandalosas hurtadoras solo haces que mis prejuicios hacia la humanidad perduren.
105,@usuario no seas marica.
106,"@usuario gente ignorante que se considera inteligente.
Y el amigo bueno en una marcha equivocada es m√°s mujer que un gay url"
107,"Entonces,  chinguen a su madre.  @usuario-s les iba a contestar su 21 putas locas, pero no quisieron"
108,@usuario  Y EL JOTO SE EST√Å PONIENDO SUS MO√ëOS
109,"@usuario muera el PRIANVERDE bisexual, asesino, vende patrias url"
110,"CONAPRED: Mi deuda con Juan Gabriel es impagable por una, una  canci√≥n: Se me olvid√≥ otra vez. Pero √≥yeme: era muy maric√≥n, panz√≥n abotagado"
111,@usuario Tu porque eres joto
112,Mecos. Maricas y nacos. Peor combinaci√≥n del mundo
113,@usuario Marica
114,"Todos son unos maricas :( 
hashtag jueves de ganar seguidores"
115,La gripe es para mariquitas.  emoji b√≠ceps flexionado emoji  emoji camiseta sin mangas emoji  emoji zapatilla deportiva emoji  emoji coraz√≥n azul emoji  emoji persona levantando pesas emoji  (@usuario Wellness Gym) url
116,"@usuario no me refiero a gay como homosexual, sino como ""nena"""
117,"@usuario ay si ay si, che joto jaja ya le volteaste bandera a tu equipo!!! url"
118,"Mira mariquita jaja (@usuario Los Ramones in Los Ramones, Nuevo Le√≥n) url"
119,"Con la muerte de Juan Gabriel, el √∫nico Puto que queda es el que lo lea."
120,"DiCaprio le va a ganar al puto que de hizo la jarocha, hashtag rumboaloscar"
121,GOOOL !!! A HUEVOOO PUTOS BRAVOS  MARICONES
122,hashtag vota mario bautista putoo al que la diga joto a este caballero  emoji dorso de mano con √≠ndice hacia abajo emoji  emoji dorso de mano con √≠ndice hacia abajo emoji  hashtag kca. @usuario  votenn url
123,@usuario hashtag rockxlavida @usuario @usuario padrino xfa mi lupita d pito P√©rez  pd los de chivas son pu√±ales
124,"La prmira vez k bi un bideo de los bts penc ah√≠ k morros tn jotos y me guztaron xDXD entoncs penze ser√© jota, y pos ala ber jaja hashtag team bts"
125,@usuario joto jaja emoji cara con ojos en blanco emoji
126,"Los jotos no se crean ni se destruyen,s√≥lo se cambian de partido hashtag pri hashtag morena"
127,"@usuario @usuario @usuario 
Estas viendo q s√© ve bn joto Jul, ten√≠a mejor impresi√≥n de el pero cada d√≠a es url"
128,"Soltero maduro, joto seguro

-Mi t√≠a Paz"
129,"@usuario no sea maricon, primero van los amigos, ¬øcuando llegas?"
130,1000 de veces hashtag chinge su madre el america eh dicho putos maricones
131,Tenemos a la directiva m√°s puta marica del f√∫tbol mundial o no pu√±etas @usuario
132,@usuario Exacto. Los gays son muy supersticiosos
133,Que marica me pareces.  emoji cara con ojos cerrados y lengua fuera emoji
134,@usuario maricon
135,"@usuario@usuario No te confundas wilo no solo Trelles sabia, lo sab√≠amos todos lo maricones q son y la mafia a favor de televisa"
136,@usuario La transexual de la @usuario ayer se estaba llevando gacho. No aguant√≥ la carrilla y me bloque√≥... PANAZIS de piel delgada.
137,Es muy gay que un hombre use el  emoji pintarse las u√±as emoji  hashtag osololopiensoyo
138,"@usuario yo no,abrete maldito gay"
139,Estos jotos ya me est√°n colmando la paciencia  emoji persona recibiendo masaje emoji
140,"Pinche camar√≥grafo pu√±al, levanta la toma, no le est√©s viendo las nalgas al negro. Claro, las mujeres lo agradecen, pero uno no."
141,22 a√±os y a√∫n no conozco a un Iv√°n que no sea un flamante maric√≥n.
142,@usuario maricon 7n7
143,"-Naci√≥ maric√≥n nuestro hijo.

-Oiga don rigo tovar , as√≠ no puede ir la canci√≥n.

-Ok, entonces ponle "" tuvimos un sirenito ""."
144,hashtag muy machito y muy marica a la vez
145,Weeey pinche joto emoji cara llorando de risa emoji  emoji cara llorando de risa emoji
146,Tengo una clase de 3h y el jotito de enfrente apesta..  emoji pistola emoji  emoji pistola emoji  emoji pistola emoji
147,Qui√©n iba a pensar que mi prima fuera lencha  emoji cara llorando de risa emoji  emoji cara llorando de risa emoji  emoji cara llorando de risa emoji  emoji cara sonrojada emoji
148,"Arreola y Salas no son cantera, son mayates de Cruz, es imperdonable, son un par de estatuas. url"
149,"Puto no es el que llora viendo Titanic, puto es el que cuando se enojaba se llevaba su bal√≥n."
150,Queonda con que hashtag daddyyankee es gay emoji cara llorando de risa emoji
151,@usuario jaja que gay
152,@usuario no seas marica
153,Vete con ese puto si tanto te gusta
154,"@usuario @usuario David Navarro Mej√≠a alias @usuario eres un cobarde y adem√°s homosexual reprimido ,"
155,"@usuario Sr. no imponga ideolog√≠as y culturas de una comunidad a todo un pa√≠s, no de a conocer su preferencia y su tendencia homosexual."
156,"Estoy seguro que en lo mas profundo del infierno hay un lugar reservado para esas personas que utilizan escopetas en linea, maricas."
157,@usuario no sea marica
158,"@usuario Putos maricas, el CM se pone igual que las estrellas del equipo, no sirven para nada"
159,Turbo hiper duper recontra marica url
160,Tengo 3 ni√±as hermosas frente a mi y resulta que son lenchas hashtag nomames
161,Oye @usuario ya deja de mandarme tus fotos al DM maldito  homosexual ya te dije que no soy gay ! Deja de molestar  emoji cara resoplando emoji  url
162,@usuario ni√±o marica ven y chupame el pito y por si no sabes hay dentistas :v los yolotrolls son cabrones y te cierran el canal !!PUTO!!
163,"""Ando mas feliz q un joto con chichis"" JAJAJAJAJA"
164,"La homofobia es por culpa de los maricones corrientes, la gente gay es respetada."
165,"OOOH MARICON, MARICON MARICON ALMEYDA MARICOOON emoji cara llorando de risa emoji  emoji cara llorando de risa emoji  emoji cara llorando de risa emoji"
166,"@usuario Jaja osea, solo piensas en mi equipo, cero que ver tu comentario de naco, gato ardido y puto."
167,Taggealos maricon! @usuario @usuario no todos gastan a lo pendejo como @usuario y @usuario ccp @usuario @usuario @usuario url
168,"@usuario @usuario Jjaja te mamaste @usuario Jjaja, yo creo que lo que quiso decir es: ¬øpor qu√© los jotos son tan mamones, superficiales y ego√≠stas?  emoji cara de alivio emoji  emoji se√±al de aprobaci√≥n con la mano tono de piel medio emoji"
169,"Y el gay de la voz M√©xico ten√≠a que ser jarocho, aqu√≠ se pega eso como la gripa y el que no es gay es mayate, claro habemos excepciones  emoji persona de mostrador de informaci√≥n emoji  emoji persona de mostrador de informaci√≥n emoji"
170,"Si festejar un gol es provocar, ya ponte faldita maricon hashtag fuera axel del uni . No tiene ni idea de lo que escribe url"
171,Las cervezas preparadas son para jotos.
172,Que maricon me saliste Sergio Ramos  emoji pintarse las u√±as emoji
173,"@usuario Feliz cumple puto de mierda , abrazo de gol maricon"
174,La jota grit√≥ como si se la estuvieran dejando ir hasta el fondo y sin lubricante. hashtag master chef mx
175,Mis maigos √∫ltimamente andan bien maricas emoji cara desanimada emoji  emoji cara desanimada emoji  emoji cara desanimada emoji
176,Weyes como se saluda una lesbiana de beso o de mano?
177,"@usuario verga wey son√≥ demasiado gay, jajaj pero sin pedos"
178,"@usuario ¬øS√ìBENSE? 42 millones incluidos cientos de miles de ni√±os no solo batean a los americanistas, hasta jotos les dicen. o no Ochoa?"
179,@usuario una big mac para gignac hay que cantarle eso para ostigar al joto ese!!
180,Que puto se ve
181,Bien joto JAJAJAJAJAJAJAJAJAJAJAJAJAJAJA url
182,"@usuario @usuario Ni lo conoces joto, a ti te gusta el tornillo"
183,Jjaja Jjaja se fue el joto de Rogelio Jjaja Jjaja hashtag master chef mx
184,"¬°¬°GOOOL, MARICAS!! hashtag tigres hashtag estoes tigres hashtag fb"
185,Uyyy pues que maricas url
186,Fin de los  primeros 45 minutos expulsan al chaco como siempre de maricones los del Am√©rica y mas el puto mayor paul aguilar que raro o ono?
187,"Todos los hombres que se emocionan por ir al Corona Capital, usan Kotex y fuman mentolados, √≥dienme pinches jotos.  emoji cara llorando de risa emoji"
188,ME ENCANTAN ESOS JOTOS QUE SE ARDE CABRON CUANDO LES DICES QUE NO QUIERES NADA CON ELLOS emoji cara llorando de risa emoji  emoji manos aplaudiendo emoji
189,Puto el que no haya ido bien xani al estadio.
190,"A Maluma jotito beb√©, qui√©n le dijo que canta en ac√∫stico?"
191,@usuario @usuario ¬°AL MENOS NO VIMOS UN FESTEJO MUY GAY!
192,@usuario me vale verga maricon
193,Que los del cobach matutino est√°n m√°s felices que un joto con chichis que que?
194,Les cuento que mi bebito anda de jotito porque no hay tiempo de vernos url
195,"Ahora le dije a un wey ''closetero'' y se enoj√≥.

Me di√≥ la raz√≥n."
196,"¬øUstedes qu√© van a saber de belleza femenina, jotos?  emoji cara con ojos en blanco emoji"
197,@usuario D√≠melo en la cara joto
198,En otros temas creo que Kevin igual que Ricky todos sab√≠amos que era gay menos url feo es esconderse.
199,@usuario Marica
200,"Se van al extremooo, hombres crop tops??? Piiinches maricas!"
201,@usuario Chinga tu madre viejo maricon
202,@usuario No seas maricon y menci√≥nalo! @usuario
203,"Si morra, si. Ya vimos que eres bien lesbiana, pervertida y s√∫per open mind. Ya deja de hacer el puto rid√≠culo."
204,"Homosexual es aquel que siente atracci√≥n por los de su mismo sexo; puto es el que usa sombrilla ""porque hace mucho sol"""
205,"@usuario @usuario No le tespondas, por marica!!!"
206,"De repente me encuentro con fotos de exnovios luciendo s√∫per afeminados, quiero que alguien me diga que no es mi url por favor"
207,"@usuario @usuario @usuario Con esa cara de imbecil deber√≠as de pens√°rtela dos veces antes de tirar carrilla we, no mms, est√°s igualito al periodista pu√±al, un gordo con lentes. Aparte esa tes humilde no te deja wilo puto"
208,Los homosexuales no deber√≠an tener derechos.
209,@usuario @usuario pederastas d√°ndose url Uni√≥n de jotos disfrazados de LIDERES
210,Ahora cualquier homosexual mutilado se siente mujer!!! url
211,Entonces tener una pucha de joto no me hace akisukiller? url
212,"@usuario Alv wey, que maricon te est√°s volviendo. ü§¶‚Äçü§¶‚Äç"
213,@usuario Un joto malvibroso que se la pasa viendo mi Twitter  emoji cara llorando de risa emoji  emoji cara revolvi√©ndose de la risa emoji .
214,"@usuario @usuario @usuario @usuario @usuario @usuario @usuario @usuario @usuario @usuario @usuario @usuario ¬°Qu√© puto! Es como los rateritos que asaltan en el transporte p√∫blico, mientras tienen un arma, y su v√≠ctima no, se sienten muy machos."
215,Nunca hab√≠a usado un pantal√≥n tan homosexual
216,"@usuario @usuario @usuario @usuario ¬øSON MARICAS? SI, ¬øSON PAREJA? SI RT"
217,@usuario A que le tira pare si usted es bien joto quiere con otro
218,"@usuario Me cagan, jotos."
219,@usuario C√°llese vieja lesbiana
220,"No somos ""nosotres"" contra el patriarcado, somos NOSOTRAS contra el patriarcado! Entiendan carajo! Es un movimiento de MUJERES! 0 weyes 0 trans! SOLO M U J E R E S !"
221,Siempre respeto a mi pap√° porque √©l es americanista. Los dem√°s son jotos.
222,Diferentes tipos de mariquitas  emoji pintarse las u√±as tono de piel claro emoji  emoji cara revolvi√©ndose de la risa emoji  emoji cara lanzando un beso emoji  emoji cara sacando la lengua y gui√±ando un ojo emoji  url
223,Asistieron m√°s personas a la marcha gay que a la url Qu√© verg√ºenza url
224,"Que perro asco me da la afici√≥n regia, porque nadie le cerr√≥ el osico al pu√±etas que le est√° gritando desde atr√°s, as√≠ como queman a las morras de los packs que sacan hasta direcci√≥n y tel√©fono as√≠ quemen a ese marica y al de la cheve, ojo marica es un hombre sin huevos, no u gay url"
225,"@usuario Jjaja wey hasta yo me alegro por ti cuando Lesly te contesta tus tuits, as√≠ de maricon jaja"
226,"@usuario Poco priista llora cuando lo agarran, los de los otros partidos parecen mariquitas, se dicen perseguidos politicos y niegan sus corruptelas."
227,"@usuario Habiendo muchos hombres, es triste ver c√≥mo la baja autoestima las limita a andar ah√≠ con jotos."
228,Me cag√≥ que rompiera la varita de sa√∫co. Mariquita.
229,Vamos a matar a los putos de Jalisco!  emoji coraz√≥n azul emoji  emoji coraz√≥n amarillo emoji
230,@usuario @usuario Me sacaron al 60 los jotos jaja por celebrar el segundo del AME y grabar
231,"Se cancelan los jotos, especialmente esta BASURA url"
232,@usuario Chinga tu perra madre jotito
233,@usuario @usuario @usuario Puta madre si sigues al joto de culo de hacha ya se de que lado haces agua Jjaja Jjaja
234,Hay no marica url
235,"Hoy salieron los azules de su url
¬°Salieron de su escondite mariquitas!
 hashtag juego colosal url"
236,@usuario M√°ndalo joto!!!
237,Ese Dave Mejia es el polic√≠a m√°s joto y Pendejo que he visto en todas las series de su estilo @usuario
238,Mafiosos y mariquitas url
239,"@usuario Goeyyy esta precioso pero me molesta mucho que no salga del closet, che mariquita."
240,"@usuario @usuario @usuario @usuario @usuario ""Bloqueare al que me insulte""

Quieres tu t√© en tu taza de princesa de Disney, jotito"
241,@usuario @usuario C√°lmese lesbiana frustrada
242,@usuario @usuario Bien marica
243,No es no PINCHE Maricon. url
244,Felicidades @usuario me podr√≠a dar el n√∫mero de dicha lavander√≠a donde quitan lo joto? Es para mi amigo @usuario y para otros tantos! url
245,"El priista quiere de regreso los 1,000 pesos. Porque perdieron. Mugre maricon. emoji caca con ojos emoji  emoji pulgar hacia abajo emoji  url"
246,Thats right fuckers! Al inicio de la url y no andamos de jotos que nos duele la panza.  emoji cara llorando fuerte emoji  url
247,"@usuario Jjaja pues as√≠ dice el Mayate en el video y la neta la gorda ya se ve vieja y usada. 
Seguro ya apretada no est√°. Aunque se queje de que coje bien ""recio"". Jjaja"
248,Traidor joto pato vales madre  necesitas a tu vieja que te salvar√° pocos huevos de cabron#hashtag lino eres grande
249,"Yo juraba que era lesbiana  emoji cara llorando de risa emoji  ay amigos pues dejen de ver sus videos y fin , pobre chava es la menos relevante del mundo url"
250,@usuario Jaja clasico de un chairo gay sacatito conejito
251,@usuario @usuario @usuario  emoji cara llorando de risa emoji    unos con el mayate. Otros chicharra
252,Pinches jotos que todo quieren hacer gay ya dejen de forzarla con todo y sigan con sus (miserables) vidas url
253,@usuario Seas marica!
254,"@usuario Teatreo es poco! Payaso, marica, piscinero de mierda!"
255,Que chinguen a su madre los jotos esos url
256,Me pregunto donde estara la mariquita esta
257,@usuario @usuario es bien joto bro :V
258,"Me ree encabrona que los hombres se enojen con las ni√±as por pendejadas, y hasta groceros url
Y luego nos tachan de dram√°url
Maduren putos!!"
259,@usuario @usuario Si pera ya no seas pendejo y  estes metiendo a tanto pinche ratero como el homosexual de marcelo enrad y otros que pertenrsen a la mafia del poder
260,"@usuario @usuario Te va bloquear,  no creo con esos comentarios tan maricones."
261,"@usuario es joto porque puso la bandera de los maricones y marimachas en la secretaria de relaciones exteriores, que verg√ºenza para el pais que todo el mundo crea que en Mexico esta llenos de maricones, jotos, marimachas, transexuales etc."
262,@usuario D√≥nde lo vea en la calle a ese puto √°rbitro de mierda!
263,Ali Espinoza V√°zquez ali lewandowiski se llama ali Espinoza V√°zquez violador come caca y mierda viola ni√±as ali lewandowiski los Espinoza V√°zquez s comen mierdas y violador viven en villa hidalgo carota de maricon playera rosa colocho vete de Villa Hidalgo  come caca y mierda url
264,"Prefiero un temeroso. Que un machuchon, ga√±√°n, cuello blanco, travesti (sin ofender) de url url"
265,@usuario @usuario @usuario @usuario @usuario @usuario @usuario @usuario @usuario P√©simo su proyecto en donde promueven la vida de hashtag homosexuales hashtag aristemo a caso no tienen respeto a la vida de los dem√°s? Porque en TV abierta?  emoji cara cabreada emoji
266,"@usuario @usuario Pinch√© maricon, indiferente a los problemas sociales !"
267,"@usuario @usuario @usuario @usuario @usuario @usuario @usuario @usuario @usuario @usuario @usuario @usuario Esos OGTS prianistas nunca lo iban url hicieron ese jugoso negocio
trans sexenal url malo es igual que el huachicol url url
y son miles de millones de pesos ya que nunca rindieron url
son pocos los que estaban en ese url"
268,@usuario Ni sabes que joto
269,"@usuario No negare que mi equipo ande mal, de hecho me caga como juega pero si te ofendiste con los comentarios pues que Puto, amigo :)"
270,@usuario Es que s√≠ eres bien marica.
271,"""Puto si pisas raya"" hashtag piso hashtag madera hashtag jugando hashtag basura hashtag iphonegrafia hashtag shotoniphone hashtag streetphotography hashtag mexicodesconocido hashtag lineas hashtag masvale hashtag mareado hashtag bw hashtag b&amp;w hashtag blancoynegro en Oasis Coyoacan url"
272,Mis pesta√±as quedaron bonitas hoy hasta que mi mam√° vino a platicar conmigo y llor√© como la puta mariquita que soy
273,"@usuario @usuario A puras pinches cacas felicitas.
Dios los cr√≠a y ellos se juntan.
El borracho con el borracho, el drogo con el drogo, el joto con el joto, la machorra con la machorra.
Y Lozano con Beltrones."
274,"@usuario La espanta mayates compare, en caliente te surras emoji cara llorando de risa emoji"
275,"A lado de mi en el bus a la zona hotelera de canc√∫n viene sentada una lesbiana que realmente parece hombre, no por su aspecto sino por el desagradable olor de su sudor. Que perro asco. Tantita higiene."
276,@usuario Un maricon ofendido  emoji cara llorando de risa emoji
277,@usuario Maldito perro como ya no recibes tus 24 millones por eso estas mal ... lo bueno que ese dinero va al pueblo no a Maricones como t√∫
278,"@usuario @usuario @usuario @usuario @usuario A quien le dices pendejo, hashtag pejezombie marica mal parido.  Por  pirobos como tu M√©xico est√°  en la mierda marica cara url!"
279,@usuario @usuario @usuario @usuario @usuario Lesbianas ten√≠an que serü§∑ emoji tono de piel claro medio emoji ‚Äç
280,"@usuario pinche puto maricon sin huevitos, miedo  o que, primero de hablador y ahora se disculpa con el otro falta de huevos.  emoji caca con ojos emoji  emoji caca con ojos emoji  emoji caca con ojos emoji"
281,@usuario @usuario LA SAMUELITA ES M√ÅS JOTO Q NADA JAJAJA
282,"Hoy Gana Mi Monterrey al Liverpool y con la Buena Vibra De estos mayates en Monterrey, Nuevo Leon, Mexico url"
283,Uuuuyyy me encontr√© esta joya de c√≥mo es de marica el IMB√âCIL de @usuario con todo respeto a la comunidad  emoji cara con manos abrazando emoji  pinche perro yo tambi√©n me lo quiero topar al mendigo huev√≥n vividor este url
284,@usuario @usuario @usuario @usuario A este. url le conoc√≠a esas ma√±url de chill√≥n  y maricon que los va acusar con su mam√°.jaja.y se va url
285,Por pu√±al @usuario. url
286,Chiva Maric√≥n @usuario tenia que ser. url
287,@usuario Puto!
288,@usuario Otro pendejo con m√°scara? Si contigo tenemos jotito
289,"-Mam√°!!! Mam√°!!! SOY GAY!!!
- Ya lo sab√≠a  hijo, as√≠ te quiero, pero,  ahora dime ¬øcuando me presentas a tu novio?
-No mam√° a√∫n no tengo novio.
-Mmmta aparte de joto quedado, s√°cate ALV de aqu√≠ pinch√©  joto quedado.
 emoji cara revolvi√©ndose de la risa emoji  emoji cara revolvi√©ndose de la risa emoji  emoji cara revolvi√©ndose de la risa emoji"
290,"@usuario Mi mam√° me dice ""parece joto"" Jjaja"
291,@usuario Son pu√±ales
292,@usuario @usuario Marica de mierda.
293,@usuario puto de mierda pero despu√©s de esto tu carrera  emoji pulgar hacia abajo emoji  emoji pulgar hacia abajo emoji  emoji pulgar hacia abajo emoji  emoji se√±al de aprobaci√≥n con la mano emoji  HDP
294,"Comparar a @usuario con el francesito maricon es lo mas tonto que pueden hacer los titeres, el bomboro es bueno y lleva mucho hecho en mexico, por que compararlo con alguien que ni siquiera ha pisado el pa√≠s? Tan necesitados estan de atenci√≥n?"
295,"El chiste se cuenta solo. Pinche gallo maric√≥n, cag√≥n y aparte de todo mamador  emoji cara llorando de risa emoji  emoji cara llorando de risa emoji  emoji cara llorando de risa emoji  url"
296,"@usuario Hasta puto y maricon resultaste para burlarte del se√±or presidente AMLO, utilizando la imagen de Edurado Espa√±a. Que falto de huevos eres pinche maricon Derbez. Te quedan cortos todos los calificativos de url de pendejo."
297,Nisiquiera Sabia Que Esa Puta Drogadicta Horrenda Y Machorra Tenia Twitter  emoji cara de desaprobaci√≥n emoji  emoji cara con ojos en blanco emoji  emoji cara de n√°useas emoji
298,"@usuario @usuario Tal vez nunca Jjaja!!! Va a decir que es machista tu comentario pero es neta. A quien no le dan lo que le gusta ni mas anda viendo como mamar!!! Ll√°mese hetero, homo, bi, trans o lo que sea!!! H√°gale un favor a la humanidad y fornique mijita!!!"
299,Jjaja aguente vara  putito! Siga de foca aplaudidora total la papada y el cuerpo le ayudan !! url
300,"Quien es m√°s maricon, el que acuso o el que no pude hacerle frente a sus peleas y utiliza a otros para esos fines? url"
301,Extra√±o twittear cosas acerca de Carlos Daniel  emoji cara llorando fuerte emoji  emoji cara llorando fuerte emoji  emoji cara llorando fuerte emoji  hasta eso el maricon se anda portando bien jaja  emoji cara llorando de risa emoji  emoji cara revolvi√©ndose de la risa emoji  emoji cara llorando de risa emoji  emoji cara revolvi√©ndose de la risa emoji
302,@usuario @usuario Muy JOTO
303,Mal momento para que el puto taquero ponga Hotel California  emoji cara llorando de risa emoji  emoji cara llorando de risa emoji  emoji cara llorando de risa emoji
304,@usuario Ah verga es un duende? Yo pensaba era un al√≠en asexual
305,Puto piojo maricon  emoji cara con ojos en blanco emoji  url
306,"En ING qu√≠mica son igual de jotos, no mamen. url"
307,@usuario por fin saliste de tu escondite mariquita
308,"O sea si, pero es que si ahora son bien putos url"
309,"Ha de ser bien feo tener un madral de dinero, y ser gay."
310,hashtag aristemo se quejan de esas jotas ficticias pero ustedes en la vida real tienen el triple de peleas pendejas y el cu√°druple de virginidad no mamen
311,@usuario @usuario es url la dimos por cierta todos url pues de ese nivel esta la trans de cuarta
312,"A los grandes influencers elegebet√©s, no les importa que se est√© desmantelando el Estado Laico (Ni saben qu√© es eso), ni que haya un criminal desabasto de retrovirales para personas VIH+. ¬°AH, PERO NADIE OFENDA A ALG√öN CHICO GAY CON PELO ROSA Y U√ëAS PINTADAS! Ah√≠ se ponen perras."
313,@usuario Vete al CARAJO!!! PINCHE MANDIBUL√çN machorro joto.
314,Ese puto disco  emoji pu√±o cerrado emoji  url
315,@usuario @usuario @usuario Tu te vas a pescar con tus Mayates a mar adentro para que nadie vea tus depravaci√≥nes. Tremendo homosexual.
316,"Ve esta trepadora  emoji cara de grogui emoji 
Jota reprimida y arrepentida! url"
317,"Mi mam√°: te voy a perdonar lo que sea menos que salgas ""machorra"""
318,3 veces la he visto y 3 veces que chillo como marica url
319,@usuario Es un meme. Maricon
320,Los jotos de Ciudad Hidalgo me dan un chingo de risa JAJA
321,"@usuario Puto madridista, ya estas viejo cabron ya madura y deja de ser pu√±al."
322,Ptm ya ando de jotO jaja kiero llorar por las felicitaciones q me han dado u.u
323,@usuario Joto rid√≠url Ya ves wue si te los tocan se te caen pedazp de pendejo
324,Ay no! que horror con ese joto invitado y su papa atorada en la boca iughh url
325,"@usuario Que weba  la gente que quema a otros por que se les hace caros sus productos.

Habla m√°s quien se queja del que regala sus tacos tambi√©n a necesitados. 

Maricones les dicen*"
326,"Hubiera sido una gran Civil War pero pinches Gringos maricas.
 emoji cara con ojos en blanco emoji  url"
327,"@usuario Y luego porqu√© hay lesbianas; que pinche descomposici√≥n; no cabe duda esta echado a perder el mundo, ¬°CUANTO PINCHE JOTO DIOS M√çO! Pero bueno mejor para nosotros, nos tocan m√°s."
328,@usuario @usuario @usuario @usuario Es una mariquita el @usuario
329,Todo los de frena est√°n demente como este mayate url
330,@usuario @usuario Los empresarios jotos que tiene. Cuentas en d√≥lares del otro lado
331,Parece transg√©url url
332,"@usuario Que los transexuales no debieran meterse a opinar acerca de desiciones que corresponden a hombres o principalmente a mujeres.
Esto es: tipo el machista de ophelia Pastrana"
333,@usuario C√≥mo la de Gabriel joto o la de impresionanti ...
334,"Eh, no se vale ponerme a chillar antes de mediod√≠a, puto ***."
335,"Tengo un amigo que es muy maric√≥n, pero es hetero."
336,"@usuario ""Feministas VIP trans odiantes""

¬øNeta tanta palabra pa' decir feminista?

Olv√≠dalo, record√© que a los cuir les mama inventar pendejadas como ""utero-portantes"" para decir MUJERES.

Pero mi verdadera pregunta es: ¬øNeta creen que odiamos a les trens? ¬øNeta tanta atenci√≥n necesitan?"
337,Pinch√© sociedad jota. Ya ni aguantan nada alv
338,@usuario @usuario JAJAJAJAJA POR MARICON PUTO JOTO  emoji cara de grogui emoji  emoji cara revolvi√©ndose de la risa emoji
339,@usuario Jjaja che joto
340,"@usuario Putos del ""ame"" den como AMLO"
341,El joto de @usuario url
342,"@usuario @usuario Si tengo dos m√°s jaja, pero que weba, les encanta escribir mamadas pero si les contestas te bloquean las jotitas  emoji cara llorando de risa emoji  emoji cara llorando de risa emoji  emoji cara llorando de risa emoji"
343,"Chale ya me estar√© haciendo maricon. Est√°n las rolas de paulina rubio en el trabajo y las estoy cantando ya solo me falta bailarlas.
EN fin hashtag yonosoyesamujer @usuario"
344,"@usuario @usuario Sin llorar pinche maric√≥n, les ganamos la que nunca van a ganar pinches mediocres url"
345,@usuario Lo van a ensartar diario. Mario Doblado es pu√±al.
346,@usuario Oye presidente debes de prohibir las marchas de los mayates jotos y lesbianas y dem√°s por qu√© eso no es bien visto por la mayor√≠a mexicana. Y no es racismo pero entre eso y la realidad siempre habr√° diferencias incluso a nivel mundial.
347,Los jugadores de @usuario son re maricas los HDSPM
348,@usuario Siii ¬°¬°¬°  fue maricon ¬°¬°¬°
349,"@usuario hoy Guerrera te llam√≥ ""macho"" pero se, equivoco, solo eres un maricon a sueldo."
350,@usuario √Ålvaro bot CTPM pu√±al inventado
351,"@usuario Ya todo le quieres regalar azael, tremendo joto!"
352,"@usuario @usuario No mms eres servidor p√∫blico cuales limites, adem√°s de corrupto maricon ( sin ofender ni asociar con la comunidad LGBT)"
353,Son bien maricas  emoji cara con ojos en blanco emoji  emoji cara llorando de risa emoji
354,@usuario Tampoco los hombres nadie se los kita as√≠ como las mujeres se hacen url cabron ya me url no cierto url hombres x pendejos k url pendejo k joto
355,"@usuario Tan viejito, joto y mam√≥n."
356,"EL MARCELO TIENE SUE√ëOS GUAJIROS,ERES UN FRAUDE PENDEJO HOCICON,MARICON COBARDE,IGNORANTE,MENTIROSO,IRRESPONSABLE, FOX TE CORRI√ì POR IRRESPONSABLE PENDEJO DEJASTE QUEMAR A DOS JUDICIALES,,ADEM√ÅS TIENES CUENTAS PENDIENTES,DESGRACIADO ARRASTRADO LAMEBOTAS DE T√ö AMO Y DUE√ëO AMLO. url"
357,"Porque las nuevas generaciones se jotillas se toman fotos en pose de Ariana Grande todas chuecas? hashtag sestan perdiendo los valores en el futuro cuando todos seamos jotillas de genero fluido y quieran un ""macho que les desgarre el ano"" que procede? Una amiga lesbiana?"
358,@usuario Viejo loco y trastornado ademas pu√±al
359,"Solo paso a decir que muchos de estos pa√≠ses vivieron (y viven) bajo una fuerte influencia socialista y de ""izquierda"". 

As√≠ que cuando viene un joto a decir que la ""derecha"" le quita sus derechos re√≠r es inevitable. url"
360,"Oigan ¬øNo les parece que Vladimir Putin es Joto? 
Ya ven que dicen, soltero maduro, mary kong seguro."
361,"@usuario Pues que se limpie el joto, princeso"
362,@usuario @usuario @usuario @usuario @usuario Par de closeteros.
363,"@usuario Es d√≠a de la mujer, no de lesbianas, machorras, esperpentos, ni marionetas del conservadurismo, los g√©neros han evolucionado y se han escuchado las voces verdaderas."
364,@usuario @usuario @usuario Par de Maricones
365,"@usuario D√©jame adivinar, seguro  gay, inseguro, te gustan las cosas de tendencia, te gusta llamar la atenci√≥n y te crees famoso,
Me equivoco ?"
366,"@usuario Pinche joto, por eso el pr√≥ximo fin no salgo"
367,@usuario @usuario A de si Seles quita lo maricon porque son de mala suerte par de jotos
368,"@usuario @usuario Tu equipo chingo asu puta madre desde hace semanas chiyahermano, atu equipo lo humillaron y golearon maricon jaja"
369,@usuario Que eres puto dice
370,@usuario Par de jotos y comod√≠url
371,"@usuario Ni estes de joto, yo siempre te hablo perro"
372,@usuario @usuario Las dos son de marica da igual  emoji cara revolvi√©ndose de la risa emoji  emoji cara llorando de risa emoji  emoji cara revolvi√©ndose de la risa emoji
373,"@usuario @usuario Ese tambi√©n es chido, al otro joto no lo arrobo porque me tiene bloqueado"
374,"No quieren que las etiqueten en nada ni que les digan jotos,raros, maricas url Pero se desgarran los huevos por exigir que sean reconocidos como binarios, no binarios cuirs,url
Manas! Ya d√©jense de mamadas somos jotos y ya!"
375,"@usuario Me pas√≥ hace una semana, les hace falta mucho amor a esos jotos con complejo de villana de telenovela"
376,"@usuario Gracias a dios rey, que cuidarse y no ver mayates en estos d√≠as"
377,@usuario @usuario Hasta aqu√≠ llegaste joto url
378,"No puedo con el ex de mi primo que siendo joto es super cat√≥lico antiderechos, no entiendo como se puede ser tan rid√≠culo"
379,"Con las noticias que se est√°n publicando que el pendejete panista @usuario  recibi√≥ moches millonarios por aprobar reformas contra M√©xico.A ese pinche infeliz panazi deben detenerlo y refundirlo en la c√°rcel por culero y corrupto! Pinche joto de mierda,infeliz!"
380,"Ya veo venir el mame de los jotonormados progres:

""nada te da derecho a decir q tiene vih""
""qu√© te rob√≥ para que digas que es ratera?"" 
""le estas discriminande porque es trans""
""seguro estas ardido porque no te quiso cojer""

Ese compa ya se ech√≥ varios alacranes arcoiris encima."
381,P.D Puto el que lo lea . . . url
382,url est√°n Bien Dragg√±iadaass  emoji cara llorando de risa emoji  emoji cara revolvi√©ndose de la risa emoji  emoji cara llorando de risa emoji  emoji cara llorando de risa emoji  al fin Jotos  emoji persona encogida de hombros emoji  emoji cara de loco emoji  emoji cara revolvi√©ndose de la risa emoji  emoji cara llorando de risa emoji
383,El Pi√±aLim te saca hasta lo joto  emoji cara sonriendo con superioridad emoji
384,Estoy descansando hasta de los malditos maricones alv.
385,@usuario @usuario Un hombre y un maric√≥n.
386,@usuario @usuario El que promete debe cumplir. Quejarse o lloriquear es de maricones. Que cumpla lo que prometi√≥ o a la chingada. Sigo esperando la gasolina a 10 pesos y que los narcos cambien las armas por tractores y el crecimiento al 6 por ciento anual. Tu no? Te contentas con adorarlo?
387,@usuario @usuario Fuera pu√±ales de mi perfil
388,@usuario Oigan no ser√° un maricon resentido o alguien que no soporto un no de parte de ustedes
389,@usuario @usuario Alv L√≥pez se ve muy afeminado en esa foto :v
390,Pues yo si he visto cantantes reggetoneros putos. url
391,@usuario @usuario @usuario Pu√±al frustrado ni quien te clave la verdolaga
392,"@usuario @usuario Jjaja nel el del incesto es el alons0 culo abiert0, el darth travesti  emoji cara revolvi√©ndose de la risa emoji"
393,"@usuario @usuario Escribe bien Jorge, no seas Joto."
394,"Mi SENSEI en artes m√≠sticas CHAMANICAS y demas yerbas, era BIEN CHAMBEADOR como funcionario p√∫blico y era GAY, HOMOSEXUAL, JOTO, PUTITO o como quieran llamarlo

Me dec√≠a mi SENSEI que, un jotito que no es CHAMBEADOR es una aberraci√≥n de Dios

A chingarle funcionarios de la 4T url"
395,@usuario Ya en julio de jotas rid√≠culas jaja
396,@usuario Wey jaja ando llorando como mariquita. Ay√∫dame a planear lo del 15 esta semana!
397,@usuario Por pu√±al ...
398,@usuario @usuario Siga de pu√±etero con sus pinches im√°genes de viejas encueradas homs pu√±al.
399,"todos los jotos que est√°n est√°n atacados por el tuit de Kodemul pasen a darme uf pls
est√°n bien malitos de su resentimiento"
400,@usuario puro tweet maricas que te avientas jaja saludos wey!
401,No tengo nada encontra de los Jotos pero por que no respetan y dejan de besarse en publico que no ven que hay ni√±os? hashtag asco *Recibe UF gay*
402,"hashtag personajes ilustres cegl Karla Villarreal y el ni√±o ""maricon"" que mordio a su hijo."
403,"""@usuario:   q maricon te vez q verguenza con tus padres q coasa asea puras mariconadas""/ me mandan los reflectores  del cielo"
404,@usuario parezco vieja machorra jaja
405,@usuario ya! No seas maric√≥n!
406,@usuario Princeso?? jaja que marica
407,"RT @usuario: Lo grab√≥ un extranjero url horrible &lt; Me cagan las drag queens. Querida comunidad LGBT, no pertenezco."
408,"A ni√±os transg√©nero ""no se les deja entrar a la escuela""
url  @usuario @usuario @usuario @usuario"
409,"""@usuario: Mas joto"" no se puede."
410,A huevo jotos @usuario IMER url
411,@usuario joto donde tengas metido
412,"Ahora resulta que los hombres son pinches lesbianas, v√°yanse a la chingada todos.  Pinche mundo loco. url"
413,"La ex de un famoso actor le tunde dur√≠simo a una de sus rivales llam√°ndola incluso ""cara de travesti"". Ent√©rate! 3pm"
414,"Empezando el cumple del marica de Ren√© con Juan (at @usuario in Guadalajara, JAL) url"
415,"""@usuario: Listo primer joto, digo americanista @usuario  jaja"" No veo las Hamburguesas ???"
416,"@usuario lo mas divertido es que uno de los ex-gay es chaz bono, famoso trans."
417,"@usuario seamos honestos, estar√≠a chingon ser transformer."
418,"@usuario pero para mi, la cultura draga tiene tintes mis√≥ginos: url"
419,"@usuario que joto no te abraz√≥ jajaj ntc, tocan bien"
420,"@usuario jaja no, a esa no la conoc√≠. Jjaja ¬øcuando unas chelas homosexual?"
421,"[[ QUEREMOS GOLPEAR A LA GENTE GAY, QUEREMOS NEGARLES ACCESO A EDUCACI√ìN, QUEREMOS QUE CREZCAN SIN FAMILIAS. ]] url"
422,@usuario es un Maricon que no cumple ni sus promesas hechas en su programa publicamente hashtag patetico hashtag de risa hashtag rt url
423,"Homosexual: 
Es la persona que se siente atra√≠da por personas de su mismo sexo.
Puto: 
El que no me de Follow 
hashtag mi mama siempre me decia"
424,"@usuario NOOO NO SEAS AS√ç. eres Trans.. SE SUPONE QUE TIENES QUE SUFRIR, QUE LA VIDA TE OBLIG√ì A TODO LO MALO."
425,@usuario PINSHI GENTE QUE CREE QUE PUEDE ANDAR CON GENTE TRANS Y NO VA A SER NOTICIA
426,"Frase-pu√±al de Pablo Iglesias: ""No estoy de acuerdo con que Albert Rivera sea de derechas, es de lo que haga falta"". hashtag elpaisdebate"
427,"@usuario Pues qu√© maricon
Si cree en verdad que su molestia por volver a banca era justificada, ten√≠a gran chance de hacerlos ver mal"
428,@usuario obvio no. Por eso la peluca?? Obvio se fueron de justicieros del g√©nero. Y a la verga si eres trans queer o travesti
429,@usuario Carlos NO PELES LAS FRUTAS ESO TAMBI√âN ES DE GAYS
430,@usuario @usuario si esto es lo que dice el de mujeres (no jotos). No quiero saber c√≥mo son las cosas en el de hombres.
431,Con esta reuni√≥n recordamos canciones como hashtag chingatumadre hashtag frijolero y hashtag puto chinguen a su madre los dos!  emoji pu√±o en alto tono de piel claro medio emoji  url
432,¬°MARICA! url
433,"Desgraciado ... es un desgraciado maricon, si as√≠ trata a un animal imag√≠nense c√≥mo trata a las personas!  url"
434,"Random selfie que se volvi√≥ foto con look de lencha del 2012 ""la skrillex"".

Podr√≠a. url"
435,"Maigo, igual y suena muy pu√±al pero te quiero un chingo 
Gracias por tu amistad
Fin del Curl 
 emoji dorso de mano con √≠ndice a la derecha tono de piel claro emoji  emoji dorso de mano con √≠ndice a la derecha tono de piel claro emoji  emoji dorso de mano con √≠ndice a la derecha tono de piel claro emoji  emoji dorso de mano con √≠ndice a la derecha tono de piel claro emoji  @usuario"
436,@usuario @usuario Es bien joto este pinche miserable mijo!
437,Se escucha muy joto si digo que dentro de un a√±o quiero que mi f√≠sico se parecerza al de Giancarlo Stanton? :v
438,@usuario @usuario Si putito
439,Por qu√© llora el hermano closetero de @usuario ? sus parientes monta√±eses no pudieron acabar con los @usuario ?? Altubee en tu barba! url
440,@usuario @usuario Y si las usas m√°s joto x2
441,"@usuario Depende. Si lo piensas un hombre en falda es igual de travesti cualquier mujer en pantalones y de esas sobran.
PERO, que un hombre se ponga falda y tacones para ir a trabajar (como una mujer pantalones) puede ser causal de despido.

Pero si, mucha gente est√° ok con los travestis."
442,Que el ex novio de tu amiga te bloquee es bien gay  emoji cara llorando de risa emoji  (con el respeto de los gays) Que culpa tengo de que su ex novia ahora quiera conmigo  emoji cara revolvi√©ndose de la risa emoji  emoji cara con mano sobre la boca emoji
443,"Esta mujer que parece travesti, solo opina y despedaza a los dem√°s, y se dedica a menospreciar al pr√≥jimo es t√≥xica y nefasta hashtag que alguien se la lleve avivir atubal√∫"
444,"emoji bandera estados unidos emoji  I'm gay.
 emoji bandera francia emoji  Je suis gay.
 emoji bandera alemania emoji  Ich bin Schwul.
 emoji bandera brasil emoji  sou gay.
 emoji bandera espa√±a emoji  Soy homosexual.
 emoji bandera m√©xico emoji  C√≥mo no te voy a quereeer  emoji nota musical emoji  
c√≥mo no te voy a quereeer emoji pentagrama emoji  emoji meg√°fono emoji  emoji meg√°fono emoji 
si mi corazon azul es y 
mi piel dorada siempre te  emoji nota musical emoji  querr√© emoji meg√°fono emoji  emoji altavoz de mano emoji   emoji nota musical emoji"
445,"Iba a quejarme de los 32 grados pero van a salir con sus putas mamadas que en otros estados est√°n a 359 grados y que aqu√≠ en CDMX somos Putitos por quejarnos de eso. 
Chinguen a su madre entonces. 
 emoji cara llorando de risa emoji  emoji cara llorando de risa emoji  emoji cara llorando de risa emoji  emoji cara revolvi√©ndose de la risa emoji  emoji cara revolvi√©ndose de la risa emoji  emoji cara revolvi√©ndose de la risa emoji  url"
446,"Otro que la url

¬øPinches perros jotos?

Miren @usuario @usuario @usuario @usuario @usuario url"
447,"Aclaraci√≥n @usuario
PUTO no es homosexual, es aspecto cultural
Putos suecos tir√°ndose cada jugada
Puto √°rbitro que marc√≥ penal dudoso
Puto el que anot√≥ autogol
Puta suerte tenemos
Puto el que con un mal partido duda de @usuario
Pero sobre todo
PUTO EL QUE LO LEA
hashtag korea te amo"
448,"Gays: 

Pinches transf√≥bicos de mierda. Respeten a Miss Espa√±a. Todos debemos tener la libertad de ser como queramos. 

Also gays:

Maluma ya se ve bien jota. Deber√≠a de volver a ser masculino, as√≠ se ve√≠a mejor. 

TAMBI√âN NO MAMEN."
449,"@usuario @usuario @usuario Y.. seguir√°n. Es medio zona de guerra esto. Hay fuego cruzado. A lo pr√≥ximo.

Imposible desaparecer a las mujeres trans as√≠ que eventualmente ellas tendr√°n que ceder ALGO. Sea ahorita o en 10 a√±os o en 30. ALGO.

¬øHoy? Fuego cruzado."
450,EN DIRECTO en hashtag periscope: PUTO el que no diga Buenos D√≠as url
451,"@usuario Seh. Es que me s√∫per entendieron mal. Yo hablaba de la ciencia. 

Esta. En particular: url

Pero estas mujeres se agarraron del ESE OPHELIO ES UN HOMBRE MIS√ìGINO. Y pos ya. Fue chistoso el como lo interpretaron."
452,"@usuario No sea joto, ven√≠amos ahorrando gasolina"
453,"Me cagan la gente que preguntan ""¬øPica la salsa?"" Tu √©chale joto, si no ponle mermelada a tu taco, pinche princeso."
454,@usuario @usuario Pu√±al el que no participe con el HT hashtag hoy en six radio
455,"""infancia Trans""??? Es mamada verdad?"
456,"Los otros d√≠as en M√©xico, ahora en Brasil: dos lesbianas amputan el pene de su ""hijo"" y luego lo matan xq quer√≠an que fuera ni√±a. La ideolog√≠a de g√©nero mata, y m refiero concretamente al m√≥vil de sendos hechos: q la sexualidad se hace y deshace a antojo.
url"
457,@usuario @usuario Los homosexuales no pueden tener hijos y en todo caso se los comen crudos.
458,@usuario @usuario Me va a mandar fusilar por maric√≥n.
459,"Pero se r√≠en de una cuando hablo de la gente trans especie que va a poner a prueba lo que es el identificarse humano.

No es queja, me parece espectacular. Estas cosas (sean performance, burla, o en serio) ... son el futuro  emoji dorso de mano con √≠ndice hacia abajo tono de piel claro emoji  url"
460,Las frozen son lesbianas.  emoji cara revolvi√©ndose de la risa emoji  emoji cara revolvi√©ndose de la risa emoji  emoji cara revolvi√©ndose de la risa emoji  url
461,A poco sab√≠an escribir los extranjeros esos que le dieron en la madre a @usuario ??? No leyeron jam√°s el maravilloso texto original y debieron respetarlo o no mi querido se√±or telenovelas @usuario ? Y lo peor que Vilma se volviera hombre gay @usuario puras tonteras url
462,"P√≠ntales  emoji pu√±o en alto tono de piel claro medio emoji  emoji pu√±o en alto tono de piel claro medio emoji  emoji pu√±o en alto tono de piel claro medio emoji  emoji pu√±o en alto tono de piel claro medio emoji  a las ""celosas"" Negrito!!! Te mando un beso maricon.  emoji brazo mec√°nico emoji  emoji brazo mec√°nico emoji  emoji brazo mec√°nico emoji  url"
463,"Oh wow. Por fin entend√≠ de donde viene ese cuento de ""los trans"". url"
464,"@usuario @usuario @usuario @usuario @usuario @usuario @usuario @usuario @usuario @usuario Es verdad, mis haters m√°s dedicados resultaron mujeres trans tantitos a√±os despu√©s. Confirmo."
465,@usuario Te juro qe es joto lloronnn  emoji cara cansada emoji  emoji cara cansada emoji  emoji cara revolvi√©ndose de la risa emoji  emoji cara revolvi√©ndose de la risa emoji
466,"@usuario Si vas a ser el tiiipico cobarde que comenta y no da opci√≥n de relply pa que order el tiempo!!
Que jotito saliste, y evidentemente no me refiero a tu sexualidad!"
467,"Y luego, a los ni√±os el tema LGBT+ o de la diversidad ni de cerca porfavor:

- Papa Francisco recomienda psiquiatr√≠a para ni√±os con tendencia homosexual url

- Papa Francisco pide no ense√±ar identidad de g√©nero en las escuelas 
url"
468,"Es m√°s chida la gente transf√≥bica que lo acepta.

Me quej√© mucho de ellas pero luego de ver a tanta persona usando avatar falso o sin foto, diciendo ""obvio si aceptamos a las mujeres trans, nom√°s que no son mujeres"" 

que pues como que EXTRA√ëAS la direct√©z de Lecuona/Laje/Clark"
469,"@usuario @usuario @usuario @usuario Ridula t√∫ pinche india fea. 
Jota ladina. url"
470,"Yo solo digo que es prematuro culpar a los duendes por las cosas perdidas de la casa.

¬øC√≥mo saben no fue un viajero del tiempo, o quiz√°s alguna √°nima de purgatorio?

Es m√°s. Bien que pudo ser alguna persona bisexual fuera de los d√≠as de visibilidad bisexual.

Pero nooo. Duendes."
471,"Si algo de lo que tuiteo les ofende, culpen a sus padres por haber criado mariquitas."
472,"Deje la presidencia a una mujer. Que haya 7 ministras y 4 ministros. Usted h√°gase el cambio de sexo, usted qu√≠tese el Saldivar, que aborten a sus nietos, usted borre de su acta HOMBRE y p√≥ngase PANSEXUAL, ¬øque se lo impide si ya est√° grandecitE? Dejen de joder a M√©xico. @usuario url"
473,"@usuario @usuario KHA?

Ahora que. No vayas a decir que eres trans o algo as√≠."
474,"Lia Thomson (mujer transg√©nero) logra su primer campeonato Nacional, qued√≥ a un poco m√°s de 9 segundos del r√©cord de Katie Ledecky (mujer) de 4:24.06. La ideolog√≠a trans est√° humillando a la mujer y les est√° robando sus espacios en su propia cara. url"
475,"""La gente no binarie puede no usar reloj, usar dos relojes, usar reloj en cualquier mano, usar medio reloj, usar reloj solo en los pies, o ninguna de estas o todas de estas al tiempo."" -Manual de Urbanidad de Carre√±o, edici√≥n 2023"
476,"@usuario Amo Molotov. Pero en Ukrania donde vivi√≥ mi compa @usuario, dudo que canten ""Puto"". ""Rayando el sol"" es un √©xito all√°"
